Servicio,Modelo,Anio,Version,Pestana,Categoria,Caracteristica,,,,,,,,
CONNECT FINDER,Nissan March,2021,Exclusive,Paquete,WIFI HotSpot,Localizaci—n en tiempo real,,,,,,,,
CONNECT FINDER,Nissan March,2021,Exclusive,Paquete,WIFI HotSpot,Activaci—n de bocina,,,,,,,,
CONNECT FINDER,Nissan March,2021,Exclusive,Paquete,WIFI HotSpot,Geocercas,,,,,,,,
CONNECT FINDER,Nissan March,2021,Exclusive,Paquete,WIFI HotSpot,Ubicaci—n del Veh’culo,,,,,,,,
CONNECT FINDER,Nissan March,2021,Exclusive,Paquete,WIFI HotSpot,S’gueme,,,,,,,,
CONNECT FINDER,Nissan March,2021,Exclusive,Paquete,WIFI HotSpot,Navegaci—n,,,,,,,,
CONNECT FINDER,Nissan March,2021,Exclusive,Paquete,WIFI HotSpot,Notificaciones,,,,,,,,
CONNECT FINDER,Nissan March,2021,Exclusive,Paquete,WIFI HotSpot,Hist—rico de Rutas,,,,,,,,
CONNECT FINDER,Nissan March,2021,Exclusive,Paquete,WIFI HotSpot,Asistencia de Veh’culo Robado ,,,,,,,,
CONNECT FINDER,Nissan March,2021,Exclusive,Paquete,WIFI HotSpot,Alerta de Movimiento,,,,,,,,
CONNECT FINDER,Nissan March,2021,Exclusive,Paquete,WIFI HotSpot,Alerta de Velocidad,,,,,,,,
CONNECT FINDER,Nissan March,2021,Exclusive,Paquete,WIFI HotSpot,Conexi—n a Asistencia Vial Nissan,,,,,,,,
CONNECT FINDER,Nissan March,2021,Exclusive,Paquete,WIFI HotSpot,Asistencia NissanConnect¨ Finder,,,,,,,,
CONNECT FINDER,Nissan March,2021,Exclusive,Paquete,WIFI HotSpot,Liga a P‡gina de Citas de Mantenimiento Vehicular,,,,,,,,
CONNECT FINDER,Nissan March,,,Manuales Y Gu’as,Manual De Gu’a,Manual De Gu’a De Nissan March 2021,,,,,,,,
CONNECT FINDER,Nissan March,,,Rescue Sheet,Rescue Sheet,https://www.nissan.com.mx/content/dam/Nissan/mexico/assets/march/my24/vlp/manual/nissan-march-2024-rescue_sheet.pdf,,,,,,,,
CONNECT FINDER,Nissan Sentra,2026,Sense,Paquetes,WIFI HotSpot,Localizaci—n en tiempo real,,,,,,,,
CONNECT FINDER,Nissan Sentra,2026,Sense,Paquetes,WIFI HotSpot,Activaci—n de bocina,,,,,,,,
CONNECT FINDER,Nissan Sentra,2026,Sense,Paquetes,WIFI HotSpot,Geocercas,,,,,,,,
CONNECT FINDER,Nissan Sentra,2026,Sense,Paquetes,WIFI HotSpot,Ubicaci—n del Veh’culo,,,,,,,,
CONNECT FINDER,Nissan Sentra,2026,Sense,Paquetes,WIFI HotSpot,S’gueme,,,,,,,,
CONNECT FINDER,Nissan Sentra,2026,Sense,Paquetes,WIFI HotSpot,Navegaci—n,,,,,,,,
CONNECT FINDER,Nissan Sentra,2026,Sense,Paquetes,WIFI HotSpot,Notificaciones,,,,,,,,
CONNECT FINDER,Nissan Sentra,2026,Sense,Paquetes,WIFI HotSpot,Hist—rico de Rutas,,,,,,,,
CONNECT FINDER,Nissan Sentra,2026,Sense,Paquetes,WIFI HotSpot,Asistencia de Veh’culo Robado ,,,,,,,,
CONNECT FINDER,Nissan Sentra,2026,Sense,Paquetes,WIFI HotSpot,Alerta de Movimiento,,,,,,,,
CONNECT FINDER,Nissan Sentra,2026,Sense,Paquetes,WIFI HotSpot,Alerta de Velocidad,,,,,,,,
CONNECT FINDER,Nissan Sentra,2026,Sense,Paquetes,WIFI HotSpot,Conexi—n a Asistencia Vial Nissan,,,,,,,,
CONNECT FINDER,Nissan Sentra,2026,Sense,Paquetes,WIFI HotSpot,Asistencia NissanConnect¨ Finder,,,,,,,,
CONNECT FINDER,Nissan Sentra,2026,Sense,Paquetes,WIFI HotSpot,Liga a P‡gina de Citas de Mantenimiento Vehicular,,,,,,,,
CONNECT FINDER,Nissan Sentra,2026,Advance,Paquetes,WIFI HotSpot,Localizaci—n en tiempo real,,,,,,,,
CONNECT FINDER,Nissan Sentra,2026,Advance,Paquetes,WIFI HotSpot,Activaci—n de bocina,,,,,,,,
CONNECT FINDER,Nissan Sentra,2026,Advance,Paquetes,WIFI HotSpot,Geocercas,,,,,,,,
CONNECT FINDER,Nissan Sentra,2026,Advance,Paquetes,WIFI HotSpot,Ubicaci—n del Veh’culo,,,,,,,,
CONNECT FINDER,Nissan Sentra,2026,Advance,Paquetes,WIFI HotSpot,S’gueme,,,,,,,,
CONNECT FINDER,Nissan Sentra,2026,Advance,Paquetes,WIFI HotSpot,Navegaci—n,,,,,,,,
CONNECT FINDER,Nissan Sentra,2026,Advance,Paquetes,WIFI HotSpot,Notificaciones,,,,,,,,
CONNECT FINDER,Nissan Sentra,2026,Advance,Paquetes,WIFI HotSpot,Hist—rico de Rutas,,,,,,,,
CONNECT FINDER,Nissan Sentra,2026,Advance,Paquetes,WIFI HotSpot,Asistencia de Veh’culo Robado ,,,,,,,,
CONNECT FINDER,Nissan Sentra,2026,Advance,Paquetes,WIFI HotSpot,Alerta de Movimiento,,,,,,,,
CONNECT FINDER,Nissan Sentra,2026,Advance,Paquetes,WIFI HotSpot,Alerta de Velocidad,,,,,,,,
CONNECT FINDER,Nissan Sentra,2026,Advance,Paquetes,WIFI HotSpot,Conexi—n a Asistencia Vial Nissan,,,,,,,,
CONNECT FINDER,Nissan Sentra,2026,Advance,Paquetes,WIFI HotSpot,Asistencia NissanConnect¨ Finder,,,,,,,,
CONNECT FINDER,Nissan Sentra,2026,Advance,Paquetes,WIFI HotSpot,Liga a P‡gina de Citas de Mantenimiento Vehicular,,,,,,,,